Location_ID,Coordinates,Address
LOC_1,"89.883190, 154.023379",Address_1
LOC_2,"13.892383, 7.219869",Address_2
LOC_3,"-73.262974, -128.971351",Address_3
LOC_4,"-37.108133, 111.463144",Address_4
LOC_5,"28.270610, -132.678308",Address_5
LOC_6,"50.935890, 145.042133",Address_6
LOC_7,"-63.739344, -153.156475",Address_7
LOC_8,"86.748380, 34.066376",Address_8
LOC_9,"-71.708601, -100.560911",Address_9
LOC_10,"67.937887, 0.084015",Address_10
